id,alarm_id,device_id,register_name,alarm_level,alarm_message,threshold,actual_value,timestamp,acknowledged,acknowledged_at,acknowledged_by,created_at
228,pressure_high,pressure_sensor_01,pressure,critical,压力过高,0.65,0.6683,2026-04-29 20:32:27.628402,0,,,2026-04-29 12:32:27
227,temp_high,temp_sensor_01,temperature,critical,温度过高,32.0,32.7313,2026-04-29 20:32:27.628011,0,,,2026-04-29 12:32:27
226,current_high,power_meter_01,current,critical,电流过高,65.0,66.9555,2026-04-29 20:32:15.084959,0,,,2026-04-29 12:32:15
225,pressure_low,pressure_sensor_01,pressure,warning,压力过低,0.35,0.3391,2026-04-29 20:30:07.400837,0,,,2026-04-29 12:30:07
224,voltage_low,power_meter_01,voltage,warning,电压过低,215.0,214.7569,2026-04-29 20:30:04.970313,0,,,2026-04-29 12:30:04
223,temp_low,temp_sensor_01,temperature,warning,温度过低,22.0,21.1737,2026-04-29 20:29:32.325969,0,,,2026-04-29 12:29:32
222,current_high,power_meter_01,current,critical,电流过高,65.0,66.1599,2026-04-29 20:29:04.921832,0,,,2026-04-29 12:29:04
221,pressure_high,pressure_sensor_01,pressure,critical,压力过高,0.65,0.6554,2026-04-29 20:27:42.124684,0,,,2026-04-29 12:27:42
220,temp_high,temp_sensor_01,temperature,critical,温度过高,32.0,32.0397,2026-04-29 20:26:11.997660,0,,,2026-04-29 12:26:12
219,current_high,power_meter_01,current,critical,电流过高,65.0,67.1873,2026-04-29 20:25:54.724353,0,,,2026-04-29 12:25:54
218,pressure_low,pressure_sensor_01,pressure,warning,压力过低,0.35,0.3163,2026-04-29 20:25:31.952751,0,,,2026-04-29 12:25:31
217,pressure_low,pressure_sensor_01,pressure,warning,压力过低,0.35,0.3415,2026-04-29 20:25:21.929855,0,,,2026-04-29 12:25:21
216,temp_low,temp_sensor_01,temperature,warning,温度过低,22.0,21.3201,2026-04-29 20:23:11.729721,0,,,2026-04-29 12:23:11
215,pressure_high,pressure_sensor_01,pressure,critical,压力过高,0.65,0.6597,2026-04-29 20:23:01.726278,0,,,2026-04-29 12:23:01
214,current_high,power_meter_01,current,critical,电流过高,65.0,67.2253,2026-04-29 20:22:54.574318,0,,,2026-04-29 12:22:54
213,pressure_low,pressure_sensor_01,pressure,warning,压力过低,0.35,0.3432,2026-04-29 20:21:46.633821,0,,,2026-04-29 12:21:46
212,pressure_low,pressure_sensor_01,pressure,warning,压力过低,0.35,0.3396,2026-04-29 20:20:36.518495,0,,,2026-04-29 12:20:36
211,temp_high,temp_sensor_01,temperature,critical,温度过高,32.0,32.4026,2026-04-29 20:19:51.442179,0,,,2026-04-29 12:19:51
210,current_high,power_meter_01,current,critical,电流过高,65.0,69.1849,2026-04-29 20:19:44.439267,0,,,2026-04-29 12:19:44
209,pressure_high,pressure_sensor_01,pressure,critical,压力过高,0.65,0.6696,2026-04-29 20:18:21.294102,0,,,2026-04-29 12:18:21
208,pressure_high,pressure_sensor_01,pressure,critical,压力过高,0.65,0.6571,2026-04-29 20:18:11.281701,0,,,2026-04-29 12:18:11
207,temp_low,temp_sensor_01,temperature,warning,温度过低,22.0,21.7722,2026-04-29 20:16:56.157300,0,,,2026-04-29 12:16:56
206,current_high,power_meter_01,current,critical,电流过高,65.0,68.7801,2026-04-29 20:16:34.249310,0,,,2026-04-29 12:16:34
205,pressure_low,pressure_sensor_01,pressure,warning,压力过低,0.35,0.3363,2026-04-29 20:15:56.051640,0,,,2026-04-29 12:15:56
204,voltage_high,power_meter_01,voltage,critical,电压过高,225.0,225.0344,2026-04-29 20:14:34.158614,0,,,2026-04-29 12:14:34
203,temp_high,temp_sensor_01,temperature,critical,温度过高,32.0,32.9996,2026-04-29 20:13:40.839821,0,,,2026-04-29 12:13:40
202,temp_high,temp_sensor_01,temperature,critical,温度过高,32.0,32.0164,2026-04-29 20:13:30.818000,0,,,2026-04-29 12:13:30
201,pressure_high,pressure_sensor_01,pressure,critical,压力过高,0.65,0.6517,2026-04-29 20:13:30.817704,0,,,2026-04-29 12:13:30
200,current_high,power_meter_01,current,critical,电流过高,65.0,67.9178,2026-04-29 20:13:24.108838,0,,,2026-04-29 12:13:24
199,pressure_low,pressure_sensor_01,pressure,warning,压力过低,0.35,0.3434,2026-04-29 20:11:10.585670,0,,,2026-04-29 12:11:10
198,voltage_high,power_meter_01,voltage,critical,电压过高,225.0,225.528,2026-04-29 20:10:53.999232,0,,,2026-04-29 12:10:54
197,temp_low,temp_sensor_01,temperature,warning,温度过低,22.0,21.7699,2026-04-29 20:10:35.500243,0,,,2026-04-29 12:10:35
196,current_high,power_meter_01,current,critical,电流过高,65.0,67.4088,2026-04-29 20:10:13.958345,0,,,2026-04-29 12:10:13
195,pressure_high,pressure_sensor_01,pressure,critical,压力过高,0.65,0.6606,2026-04-29 20:08:50.326945,0,,,2026-04-29 12:08:50
194,temp_high,temp_sensor_01,temperature,critical,温度过高,32.0,32.2293,2026-04-29 20:07:15.195434,0,,,2026-04-29 12:07:15
193,current_high,power_meter_01,current,critical,电流过高,65.0,65.2143,2026-04-29 20:07:03.817493,0,,,2026-04-29 12:07:03
192,pressure_low,pressure_sensor_01,pressure,warning,压力过低,0.35,0.332,2026-04-29 20:06:30.127132,0,,,2026-04-29 12:06:30
191,temp_low,temp_sensor_01,temperature,warning,温度过低,22.0,21.995,2026-04-29 20:05:55.062697,0,,,2026-04-29 12:05:55
190,temp_low,temp_sensor_01,temperature,warning,温度过低,22.0,21.9037,2026-04-29 20:04:24.923416,0,,,2026-04-29 12:04:24
189,pressure_high,pressure_sensor_01,pressure,critical,压力过高,0.65,0.6569,2026-04-29 20:04:04.885022,0,,,2026-04-29 12:04:04
188,current_high,power_meter_01,current,critical,电流过高,65.0,65.9263,2026-04-29 20:04:03.684704,0,,,2026-04-29 12:04:03
187,pressure_low,pressure_sensor_01,pressure,warning,压力过低,0.35,0.34,2026-04-29 20:01:49.646361,0,,,2026-04-29 12:01:49
186,temp_high,temp_sensor_01,temperature,critical,温度过高,32.0,32.5287,2026-04-29 20:01:04.575600,0,,,2026-04-29 12:01:04
185,current_high,power_meter_01,current,critical,电流过高,65.0,65.0267,2026-04-29 20:00:43.502710,0,,,2026-04-29 12:00:43
184,pressure_high,pressure_sensor_01,pressure,critical,压力过高,0.65,0.6592,2026-04-29 20:00:29.530676,0,,,2026-04-29 12:00:29
183,voltage_high,power_meter_01,voltage,critical,电压过高,225.0,225.5588,2026-04-29 20:00:13.475302,0,,,2026-04-29 12:00:13
182,pressure_high,pressure_sensor_01,pressure,critical,压力过高,0.65,0.6836,2026-04-29 19:59:29.428111,0,,,2026-04-29 11:59:29
181,temp_low,temp_sensor_01,temperature,warning,温度过低,22.0,21.7962,2026-04-29 19:58:04.304569,0,,,2026-04-29 11:58:04
180,current_high,power_meter_01,current,critical,电流过高,65.0,67.07,2026-04-29 19:57:43.351981,0,,,2026-04-29 11:57:43
179,pressure_low,pressure_sensor_01,pressure,warning,压力过低,0.35,0.3456,2026-04-29 19:57:04.219609,0,,,2026-04-29 11:57:04
178,pressure_high,pressure_sensor_01,pressure,critical,压力过高,0.65,0.6706,2026-04-29 19:54:49.008866,0,,,2026-04-29 11:54:49
177,temp_high,temp_sensor_01,temperature,critical,温度过高,32.0,32.7652,2026-04-29 19:54:44.001965,0,,,2026-04-29 11:54:44
176,pressure_high,pressure_sensor_01,pressure,critical,压力过高,0.65,0.6554,2026-04-29 19:54:38.992552,0,,,2026-04-29 11:54:39
175,current_high,power_meter_01,current,critical,电流过高,65.0,67.5178,2026-04-29 19:54:33.203775,0,,,2026-04-29 11:54:33
174,pressure_low,pressure_sensor_01,pressure,warning,压力过低,0.35,0.3477,2026-04-29 19:52:23.755233,0,,,2026-04-29 11:52:23
173,temp_low,temp_sensor_01,temperature,warning,温度过低,22.0,21.0996,2026-04-29 19:51:48.697091,0,,,2026-04-29 11:51:48
172,current_high,power_meter_01,current,critical,电流过高,65.0,66.8393,2026-04-29 19:51:23.060702,0,,,2026-04-29 11:51:23
171,pressure_high,pressure_sensor_01,pressure,critical,压力过高,0.65,0.6654,2026-04-29 19:49:58.515954,0,,,2026-04-29 11:49:58
170,temp_high,temp_sensor_01,temperature,critical,温度过高,32.0,32.1437,2026-04-29 19:48:23.354157,0,,,2026-04-29 11:48:23
169,current_high,power_meter_01,current,critical,电流过高,65.0,65.3696,2026-04-29 19:48:12.893342,0,,,2026-04-29 11:48:12
168,pressure_low,pressure_sensor_01,pressure,warning,压力过低,0.35,0.3491,2026-04-29 19:47:33.254038,0,,,2026-04-29 11:47:33
167,temp_low,temp_sensor_01,temperature,warning,温度过低,22.0,21.9803,2026-04-29 19:45:28.032227,0,,,2026-04-29 11:45:28
166,pressure_high,pressure_sensor_01,pressure,critical,压力过高,0.65,0.6646,2026-04-29 19:45:17.998627,0,,,2026-04-29 11:45:18
165,current_high,power_meter_01,current,critical,电流过高,65.0,66.9668,2026-04-29 19:45:12.736523,0,,,2026-04-29 11:45:12
164,pressure_low,pressure_sensor_01,pressure,warning,压力过低,0.35,0.3271,2026-04-29 19:42:57.732751,0,,,2026-04-29 11:42:57
163,temp_high,temp_sensor_01,temperature,critical,温度过高,32.0,32.3411,2026-04-29 19:42:07.618365,0,,,2026-04-29 11:42:07
162,current_high,power_meter_01,current,critical,电流过高,65.0,68.6234,2026-04-29 19:42:02.535678,0,,,2026-04-29 11:42:02
161,pressure_high,pressure_sensor_01,pressure,critical,压力过高,0.65,0.6504,2026-04-29 19:40:37.471508,0,,,2026-04-29 11:40:37
160,temp_low,temp_sensor_01,temperature,warning,温度过低,22.0,21.5838,2026-04-29 19:39:12.329303,0,,,2026-04-29 11:39:12
159,current_high,power_meter_01,current,critical,电流过高,65.0,67.7783,2026-04-29 19:38:52.394195,0,,,2026-04-29 11:38:52
158,pressure_low,pressure_sensor_01,pressure,warning,压力过低,0.35,0.3466,2026-04-29 19:38:17.234844,0,,,2026-04-29 11:38:17
157,pressure_high,pressure_sensor_01,pressure,critical,压力过高,0.65,0.6736,2026-04-29 19:35:51.988662,0,,,2026-04-29 11:35:52
156,temp_high,temp_sensor_01,temperature,critical,温度过高,32.0,32.3939,2026-04-29 19:35:51.987802,0,,,2026-04-29 11:35:51
155,current_high,power_meter_01,current,critical,电流过高,65.0,66.3143,2026-04-29 19:35:42.226687,0,,,2026-04-29 11:35:42
154,temp_low,temp_sensor_01,temperature,warning,温度过低,22.0,21.3088,2026-04-29 19:34:16.865038,0,,,2026-04-29 11:34:16
153,pressure_low,pressure_sensor_01,pressure,warning,压力过低,0.35,0.3359,2026-04-29 19:33:31.787563,0,,,2026-04-29 11:33:31
152,temp_low,temp_sensor_01,temperature,warning,温度过低,22.0,21.4427,2026-04-29 19:32:56.731227,0,,,2026-04-29 11:32:56
151,current_high,power_meter_01,current,critical,电流过高,65.0,66.011,2026-04-29 19:32:32.084199,0,,,2026-04-29 11:32:32
150,pressure_high,pressure_sensor_01,pressure,critical,压力过高,0.65,0.6572,2026-04-29 19:31:06.527239,0,,,2026-04-29 11:31:06
149,temp_high,temp_sensor_01,temperature,critical,温度过高,32.0,32.7873,2026-04-29 19:29:41.379530,0,,,2026-04-29 11:29:41
148,current_high,power_meter_01,current,critical,电流过高,65.0,65.2175,2026-04-29 19:29:21.936140,0,,,2026-04-29 11:29:21
147,pressure_low,pressure_sensor_01,pressure,warning,压力过低,0.35,0.3483,2026-04-29 19:28:46.268159,0,,,2026-04-29 11:28:46
146,temp_low,temp_sensor_01,temperature,warning,温度过低,22.0,21.8213,2026-04-29 19:26:36.051697,0,,,2026-04-29 11:26:36
145,pressure_high,pressure_sensor_01,pressure,critical,压力过高,0.65,0.6555,2026-04-29 19:26:26.032532,0,,,2026-04-29 11:26:26
144,current_high,power_meter_01,current,critical,电流过高,65.0,65.329,2026-04-29 19:26:11.771035,0,,,2026-04-29 11:26:11
143,pressure_low,pressure_sensor_01,pressure,warning,压力过低,0.35,0.3396,2026-04-29 19:24:10.799436,0,,,2026-04-29 11:24:10
142,temp_high,temp_sensor_01,temperature,critical,温度过高,32.0,33.0649,2026-04-29 19:23:25.698632,0,,,2026-04-29 11:23:25
141,current_high,power_meter_01,current,critical,电流过高,65.0,70.5039,2026-04-29 19:23:11.613186,0,,,2026-04-29 11:23:11
140,voltage_high,power_meter_01,voltage,critical,电压过高,225.0,227.2264,2026-04-29 19:22:21.570879,0,,,2026-04-29 11:22:21
139,pressure_high,pressure_sensor_01,pressure,critical,压力过高,0.65,0.6826,2026-04-29 19:21:50.493513,0,,,2026-04-29 11:21:50
138,pressure_high,pressure_sensor_01,pressure,critical,压力过高,0.65,0.6534,2026-04-29 19:21:40.462538,0,,,2026-04-29 11:21:40
137,temp_low,temp_sensor_01,temperature,warning,温度过低,22.0,21.4724,2026-04-29 19:20:25.336209,0,,,2026-04-29 11:20:25
136,current_high,power_meter_01,current,critical,电流过高,65.0,69.1897,2026-04-29 19:20:01.431843,0,,,2026-04-29 11:20:01
135,pressure_low,pressure_sensor_01,pressure,warning,压力过低,0.35,0.3414,2026-04-29 19:19:25.220268,0,,,2026-04-29 11:19:25
134,pressure_high,pressure_sensor_01,pressure,critical,压力过高,0.65,0.6541,2026-04-29 19:18:10.095691,0,,,2026-04-29 11:18:10
133,temp_high,temp_sensor_01,temperature,critical,温度过高,32.0,32.2627,2026-04-29 19:17:04.967988,0,,,2026-04-29 11:17:04
132,pressure_high,pressure_sensor_01,pressure,critical,压力过高,0.65,0.6545,2026-04-29 19:16:59.954292,0,,,2026-04-29 11:16:59
131,current_high,power_meter_01,current,critical,电流过高,65.0,66.7295,2026-04-29 19:16:51.277342,0,,,2026-04-29 11:16:51
130,pressure_low,pressure_sensor_01,pressure,warning,压力过低,0.35,0.335,2026-04-29 19:14:39.724213,0,,,2026-04-29 11:14:39
129,temp_low,temp_sensor_01,temperature,warning,温度过低,22.0,21.6369,2026-04-29 19:13:59.669723,0,,,2026-04-29 11:13:59
128,current_high,power_meter_01,current,critical,电流过高,65.0,67.2913,2026-04-29 19:13:41.107862,0,,,2026-04-29 11:13:41
127,pressure_high,pressure_sensor_01,pressure,critical,压力过高,0.65,0.6612,2026-04-29 19:12:19.495792,0,,,2026-04-29 11:12:19
126,temp_high,temp_sensor_01,temperature,critical,温度过高,32.0,32.5328,2026-04-29 19:10:49.351747,0,,,2026-04-29 11:10:49
125,current_high,power_meter_01,current,critical,电流过高,65.0,67.0714,2026-04-29 19:10:30.964031,0,,,2026-04-29 11:10:30
124,pressure_low,pressure_sensor_01,pressure,warning,压力过低,0.35,0.326,2026-04-29 19:09:59.277224,0,,,2026-04-29 11:09:59
123,voltage_high,power_meter_01,voltage,critical,电压过高,225.0,227.1675,2026-04-29 19:08:50.911036,0,,,2026-04-29 11:08:50
122,temp_low,temp_sensor_01,temperature,warning,温度过低,22.0,21.3827,2026-04-29 19:07:59.080852,0,,,2026-04-29 11:07:59
121,current_high,power_meter_01,current,critical,电流过高,65.0,70.4991,2026-04-29 19:07:30.844470,0,,,2026-04-29 11:07:30
120,pressure_high,pressure_sensor_01,pressure,critical,压力过高,0.65,0.661,2026-04-29 19:07:29.052557,0,,,2026-04-29 11:07:29
119,pressure_low,pressure_sensor_01,pressure,warning,压力过低,0.35,0.341,2026-04-29 19:05:18.855553,0,,,2026-04-29 11:05:18
118,temp_high,temp_sensor_01,temperature,critical,温度过高,32.0,32.3819,2026-04-29 19:04:28.756892,0,,,2026-04-29 11:04:28
117,current_high,power_meter_01,current,critical,电流过高,65.0,68.3961,2026-04-29 19:04:20.662870,0,,,2026-04-29 11:04:20
116,pressure_high,pressure_sensor_01,pressure,critical,压力过高,0.65,0.6789,2026-04-29 19:02:53.590100,0,,,2026-04-29 11:02:53
115,voltage_high,power_meter_01,voltage,critical,电压过高,225.0,225.5329,2026-04-29 19:02:00.525946,0,,,2026-04-29 11:02:00
114,temp_low,temp_sensor_01,temperature,warning,温度过低,22.0,21.8411,2026-04-29 19:01:33.420336,0,,,2026-04-29 11:01:33
113,current_high,power_meter_01,current,critical,电流过高,65.0,65.6617,2026-04-29 19:01:10.477988,0,,,2026-04-29 11:01:10
112,pressure_low,pressure_sensor_01,pressure,warning,压力过低,0.35,0.3291,2026-04-29 19:00:38.320999,0,,,2026-04-29 11:00:38
111,pressure_low,pressure_sensor_01,pressure,warning,压力过低,0.35,0.3486,2026-04-29 19:00:28.304790,0,,,2026-04-29 11:00:28
110,voltage_high,power_meter_01,voltage,critical,电压过高,225.0,225.3044,2026-04-29 18:58:20.326934,0,,,2026-04-29 10:58:20
109,pressure_high,pressure_sensor_01,pressure,critical,压力过高,0.65,0.6632,2026-04-29 18:58:13.062131,0,,,2026-04-29 10:58:13
108,temp_high,temp_sensor_01,temperature,critical,温度过高,32.0,32.4076,2026-04-29 18:58:13.046645,0,,,2026-04-29 10:58:13
107,current_high,power_meter_01,current,critical,电流过高,65.0,69.335,2026-04-29 18:58:00.308533,0,,,2026-04-29 10:58:00
106,pressure_low,pressure_sensor_01,pressure,warning,压力过低,0.35,0.3439,2026-04-29 18:55:47.848501,0,,,2026-04-29 10:55:47
105,temp_low,temp_sensor_01,temperature,warning,温度过低,22.0,21.3104,2026-04-29 18:55:12.776841,0,,,2026-04-29 10:55:12
104,current_high,power_meter_01,current,critical,电流过高,65.0,66.8373,2026-04-29 18:54:50.162277,0,,,2026-04-29 10:54:50
103,pressure_high,pressure_sensor_01,pressure,critical,压力过高,0.65,0.6555,2026-04-29 18:53:27.655084,0,,,2026-04-29 10:53:27
102,temp_high,temp_sensor_01,temperature,critical,温度过高,32.0,32.6409,2026-04-29 18:52:02.523808,0,,,2026-04-29 10:52:02
101,temp_high,temp_sensor_01,temperature,critical,温度过高,32.0,32.0939,2026-04-29 18:51:47.511511,0,,,2026-04-29 10:51:47
100,current_high,power_meter_01,current,critical,电流过高,65.0,66.4855,2026-04-29 18:51:40.021547,0,,,2026-04-29 10:51:40
99,pressure_low,pressure_sensor_01,pressure,warning,压力过低,0.35,0.3397,2026-04-29 18:51:07.437994,0,,,2026-04-29 10:51:07
98,temp_low,temp_sensor_01,temperature,warning,温度过低,22.0,21.6592,2026-04-29 18:48:57.174698,0,,,2026-04-29 10:48:57
97,pressure_high,pressure_sensor_01,pressure,critical,压力过高,0.65,0.6796,2026-04-29 18:48:52.181883,0,,,2026-04-29 10:48:52
96,current_high,power_meter_01,current,critical,电流过高,65.0,68.4835,2026-04-29 18:48:39.846273,0,,,2026-04-29 10:48:39
95,voltage_high,power_meter_01,voltage,critical,电压过高,225.0,226.6986,2026-04-29 18:47:39.804510,0,,,2026-04-29 10:47:39
94,pressure_low,pressure_sensor_01,pressure,warning,压力过低,0.35,0.3346,2026-04-29 18:46:21.984272,0,,,2026-04-29 10:46:21
93,temp_high,temp_sensor_01,temperature,critical,温度过高,32.0,32.148,2026-04-29 18:45:36.867028,0,,,2026-04-29 10:45:36
92,current_high,power_meter_01,current,critical,电流过高,65.0,68.2626,2026-04-29 18:45:29.701641,0,,,2026-04-29 10:45:29
91,pressure_high,pressure_sensor_01,pressure,critical,压力过高,0.65,0.651,2026-04-29 18:43:56.736179,0,,,2026-04-29 10:43:56
90,temp_low,temp_sensor_01,temperature,warning,温度过低,22.0,21.789,2026-04-29 18:42:36.554785,0,,,2026-04-29 10:42:36
89,current_high,power_meter_01,current,critical,电流过高,65.0,65.2531,2026-04-29 18:42:19.541966,0,,,2026-04-29 10:42:19
88,pressure_low,pressure_sensor_01,pressure,warning,压力过低,0.35,0.3409,2026-04-29 18:41:41.515112,0,,,2026-04-29 10:41:41
87,voltage_low,power_meter_01,voltage,warning,电压过低,215.0,214.9477,2026-04-29 18:40:59.490542,0,,,2026-04-29 10:40:59
86,temp_high,temp_sensor_01,temperature,critical,温度过高,32.0,32.6414,2026-04-29 18:39:26.269256,0,,,2026-04-29 10:39:26
85,pressure_high,pressure_sensor_01,pressure,critical,压力过高,0.65,0.6618,2026-04-29 18:39:21.262940,0,,,2026-04-29 10:39:21
84,current_high,power_meter_01,current,critical,电流过高,65.0,67.1973,2026-04-29 18:39:09.409824,0,,,2026-04-29 10:39:09
83,pressure_low,pressure_sensor_01,pressure,warning,压力过低,0.35,0.3444,2026-04-29 18:37:01.049106,0,,,2026-04-29 10:37:01
82,pressure_low,pressure_sensor_01,pressure,warning,压力过低,0.35,0.3459,2026-04-29 18:36:51.026756,0,,,2026-04-29 10:36:51
81,temp_low,temp_sensor_01,temperature,warning,温度过低,22.0,21.8875,2026-04-29 18:36:20.974082,0,,,2026-04-29 10:36:21
80,current_high,power_meter_01,current,critical,电流过高,65.0,65.7265,2026-04-29 18:35:59.263574,0,,,2026-04-29 10:35:59
79,pressure_high,pressure_sensor_01,pressure,critical,压力过高,0.65,0.6509,2026-04-29 18:34:30.808983,0,,,2026-04-29 10:34:30
78,temp_high,temp_sensor_01,temperature,critical,温度过高,32.0,32.401,2026-04-29 18:33:00.626352,0,,,2026-04-29 10:33:00
77,current_high,power_meter_01,current,critical,电流过高,65.0,68.5206,2026-04-29 18:32:59.078272,0,,,2026-04-29 10:32:59
76,pressure_low,pressure_sensor_01,pressure,warning,压力过低,0.35,0.3414,2026-04-29 18:32:20.570525,0,,,2026-04-29 10:32:20
75,temp_low,temp_sensor_01,temperature,warning,温度过低,22.0,21.354,2026-04-29 18:30:10.349171,0,,,2026-04-29 10:30:10
74,pressure_high,pressure_sensor_01,pressure,critical,压力过高,0.65,0.6518,2026-04-29 18:29:55.338676,0,,,2026-04-29 10:29:55
73,current_high,power_meter_01,current,critical,电流过高,65.0,66.1693,2026-04-29 18:29:38.913761,0,,,2026-04-29 10:29:38
72,pressure_low,pressure_sensor_01,pressure,warning,压力过低,0.35,0.3449,2026-04-29 18:27:35.092785,0,,,2026-04-29 10:27:35
71,temp_high,temp_sensor_01,temperature,critical,温度过高,32.0,32.25,2026-04-29 18:26:45.010277,0,,,2026-04-29 10:26:45
70,current_high,power_meter_01,current,critical,电流过高,65.0,67.1785,2026-04-29 18:26:38.770041,0,,,2026-04-29 10:26:38
69,pressure_high,pressure_sensor_01,pressure,critical,压力过高,0.65,0.6581,2026-04-29 18:25:14.863380,0,,,2026-04-29 10:25:14
68,temp_low,temp_sensor_01,temperature,warning,温度过低,22.0,21.6079,2026-04-29 18:23:44.756638,0,,,2026-04-29 10:23:44
67,current_high,power_meter_01,current,critical,电流过高,65.0,67.6151,2026-04-29 18:23:28.622855,0,,,2026-04-29 10:23:28
66,pressure_low,pressure_sensor_01,pressure,warning,压力过低,0.35,0.3451,2026-04-29 18:22:49.673700,0,,,2026-04-29 10:22:49
65,pressure_high,pressure_sensor_01,pressure,critical,压力过高,0.65,0.6762,2026-04-29 18:20:34.431177,0,,,2026-04-29 10:20:34
64,temp_high,temp_sensor_01,temperature,critical,温度过高,32.0,32.1726,2026-04-29 18:20:29.438695,0,,,2026-04-29 10:20:29
63,pressure_high,pressure_sensor_01,pressure,critical,压力过高,0.65,0.6511,2026-04-29 18:20:24.421031,0,,,2026-04-29 10:20:24
62,current_high,power_meter_01,current,critical,电流过高,65.0,66.0398,2026-04-29 18:20:18.469623,0,,,2026-04-29 10:20:18
61,pressure_low,pressure_sensor_01,pressure,warning,压力过低,0.35,0.3381,2026-04-29 18:18:09.210209,0,,,2026-04-29 10:18:09
60,temp_low,temp_sensor_01,temperature,warning,温度过低,22.0,21.7995,2026-04-29 18:17:29.151542,0,,,2026-04-29 10:17:29
59,current_high,power_meter_01,current,critical,电流过高,65.0,66.0193,2026-04-29 18:17:08.300777,0,,,2026-04-29 10:17:08
58,pressure_high,pressure_sensor_01,pressure,critical,压力过高,0.65,0.6582,2026-04-29 18:15:43.982827,0,,,2026-04-29 10:15:43
57,temp_high,temp_sensor_01,temperature,critical,温度过高,32.0,33.2178,2026-04-29 18:14:18.877543,0,,,2026-04-29 10:14:18
56,temp_high,temp_sensor_01,temperature,critical,温度过高,32.0,32.1593,2026-04-29 18:14:08.871174,0,,,2026-04-29 10:14:08
55,current_high,power_meter_01,current,critical,电流过高,65.0,65.2966,2026-04-29 18:13:58.138844,0,,,2026-04-29 10:13:58
54,pressure_low,pressure_sensor_01,pressure,warning,压力过低,0.35,0.3386,2026-04-29 18:13:23.794630,0,,,2026-04-29 10:13:23
53,pressure_high,pressure_sensor_01,pressure,critical,压力过高,0.65,0.6502,2026-04-29 18:12:13.665072,0,,,2026-04-29 10:12:13
52,temp_low,temp_sensor_01,temperature,warning,温度过低,22.0,21.9341,2026-04-29 18:11:18.587917,0,,,2026-04-29 10:11:18
51,pressure_high,pressure_sensor_01,pressure,critical,压力过高,0.65,0.6648,2026-04-29 18:11:08.573392,0,,,2026-04-29 10:11:08
50,current_high,power_meter_01,current,critical,电流过高,65.0,66.4125,2026-04-29 18:10:47.991523,0,,,2026-04-29 10:10:48
49,pressure_low,pressure_sensor_01,pressure,warning,压力过低,0.35,0.3479,2026-04-29 18:08:43.288402,0,,,2026-04-29 10:08:43
48,temp_high,temp_sensor_01,temperature,critical,温度过高,32.0,33.1092,2026-04-29 18:07:58.234570,0,,,2026-04-29 10:07:58
47,current_high,power_meter_01,current,critical,电流过高,65.0,68.4244,2026-04-29 18:07:47.877894,0,,,2026-04-29 10:07:47
46,pressure_high,pressure_sensor_01,pressure,critical,压力过高,0.65,0.6607,2026-04-29 18:06:18.050527,0,,,2026-04-29 10:06:18
45,temp_low,temp_sensor_01,temperature,warning,温度过低,22.0,21.456,2026-04-29 18:04:57.926006,0,,,2026-04-29 10:04:57
44,current_high,power_meter_01,current,critical,电流过高,65.0,69.4451,2026-04-29 18:04:37.758978,0,,,2026-04-29 10:04:37
43,pressure_low,pressure_sensor_01,pressure,warning,压力过低,0.35,0.3264,2026-04-29 18:04:02.865124,0,,,2026-04-29 10:04:02
42,temp_high,temp_sensor_01,temperature,critical,温度过高,32.0,32.8014,2026-04-29 18:01:42.628552,0,,,2026-04-29 10:01:42
41,pressure_high,pressure_sensor_01,pressure,critical,压力过高,0.65,0.6735,2026-04-29 18:01:42.628319,0,,,2026-04-29 10:01:42
40,current_high,power_meter_01,current,critical,电流过高,65.0,68.4393,2026-04-29 18:01:27.594044,0,,,2026-04-29 10:01:27
39,temp_low,temp_sensor_01,temperature,warning,温度过低,22.0,21.6878,2026-04-29 18:00:25.248040,0,,,2026-04-29 10:00:25
38,current_high,power_meter_01,current,critical,电流过高,65.0,67.2024,2026-04-29 18:00:05.056929,0,,,2026-04-29 10:00:05
37,pressure_low,pressure_sensor_01,pressure,warning,压力过低,0.35,0.3406,2026-04-29 17:59:25.166716,0,,,2026-04-29 09:59:25
36,pressure_high,pressure_sensor_01,pressure,critical,压力过高,0.65,0.681,2026-04-29 17:57:09.948724,0,,,2026-04-29 09:57:09
35,temp_high,temp_sensor_01,temperature,critical,温度过高,32.0,32.0745,2026-04-29 17:57:09.948468,0,,,2026-04-29 09:57:09
34,current_high,power_meter_01,current,critical,电流过高,65.0,67.2614,2026-04-29 17:56:54.901462,0,,,2026-04-29 09:56:54
33,temp_low,temp_sensor_01,temperature,warning,温度过低,22.0,21.9993,2026-04-29 17:55:02.795798,0,,,2026-04-29 09:55:02
32,current_high,power_meter_01,current,critical,电流过高,65.0,67.4306,2026-04-29 17:54:46.482432,0,,,2026-04-29 09:54:46
31,pressure_low,pressure_sensor_01,pressure,warning,压力过低,0.35,0.3056,2026-04-29 17:54:12.739362,0,,,2026-04-29 09:54:12
30,temp_high,temp_sensor_01,temperature,critical,温度过高,32.0,32.1211,2026-04-29 17:53:42.646123,0,,,2026-04-29 09:53:42
29,pressure_high,pressure_sensor_01,pressure,critical,压力过高,0.65,0.6837,2026-04-29 17:51:52.489274,0,,,2026-04-29 09:51:52
28,temp_high,temp_sensor_01,temperature,critical,温度过高,32.0,32.4225,2026-04-29 17:51:47.435474,0,,,2026-04-29 09:51:47
27,current_high,power_meter_01,current,critical,电流过高,65.0,65.1166,2026-04-29 17:51:36.352490,0,,,2026-04-29 09:51:36
26,voltage_low,power_meter_01,voltage,warning,电压过低,215.0,214.1348,2026-04-29 17:50:26.286416,0,,,2026-04-29 09:50:26
25,temp_low,temp_sensor_01,temperature,warning,温度过低,22.0,21.861,2026-04-29 17:50:22.281597,0,,,2026-04-29 09:50:22
24,pressure_low,pressure_sensor_01,pressure,warning,压力过低,0.35,0.3466,2026-04-29 17:49:22.255869,0,,,2026-04-29 09:49:22
23,temp_low,temp_sensor_01,temperature,warning,温度过低,22.0,21.7193,2026-04-29 17:48:47.175887,0,,,2026-04-29 09:48:47
22,current_high,power_meter_01,current,critical,电流过高,65.0,65.5495,2026-04-29 17:48:26.203806,0,,,2026-04-29 09:48:26
21,voltage_high,power_meter_01,voltage,critical,电压过高,225.0,225.9995,2026-04-29 17:48:06.194740,0,,,2026-04-29 09:48:06
20,pressure_high,pressure_sensor_01,pressure,critical,压力过高,0.65,0.6748,2026-04-29 17:47:07.016758,0,,,2026-04-29 09:47:07
19,temp_high,temp_sensor_01,temperature,critical,温度过高,32.0,32.2562,2026-04-29 17:45:31.853038,0,,,2026-04-29 09:45:31
18,current_high,power_meter_01,current,critical,电流过高,65.0,66.0823,2026-04-29 17:45:16.075058,0,,,2026-04-29 09:45:16
17,pressure_low,pressure_sensor_01,pressure,warning,压力过低,0.35,0.3449,2026-04-29 17:44:36.797506,0,,,2026-04-29 09:44:36
16,temp_low,temp_sensor_01,temperature,warning,温度过低,22.0,21.9561,2026-04-29 17:42:36.575670,0,,,2026-04-29 09:42:36
15,pressure_high,pressure_sensor_01,pressure,critical,压力过高,0.65,0.6501,2026-04-29 17:42:16.558633,0,,,2026-04-29 09:42:16
14,current_high,power_meter_01,current,critical,电流过高,65.0,68.0724,2026-04-29 17:42:15.966249,0,,,2026-04-29 09:42:15
13,pressure_low,pressure_sensor_01,pressure,warning,压力过低,0.35,0.3443,2026-04-29 17:40:01.303350,0,,,2026-04-29 09:40:01
12,temp_high,temp_sensor_01,temperature,critical,温度过高,32.0,32.3355,2026-04-29 17:39:11.194759,0,,,2026-04-29 09:39:11
11,current_high,power_meter_01,current,critical,电流过高,65.0,66.9388,2026-04-29 17:39:05.796529,0,,,2026-04-29 09:39:05
10,pressure_high,pressure_sensor_01,pressure,critical,压力过高,0.65,0.6514,2026-04-29 17:37:41.009966,0,,,2026-04-29 09:37:41
9,temp_low,temp_sensor_01,temperature,warning,温度过低,22.0,21.991,2026-04-29 17:36:10.842005,0,,,2026-04-29 09:36:10
8,current_high,power_meter_01,current,critical,电流过高,65.0,66.1554,2026-04-29 17:35:55.632658,0,,,2026-04-29 09:35:55
7,pressure_low,pressure_sensor_01,pressure,warning,压力过低,0.35,0.3444,2026-04-29 17:35:15.757285,0,,,2026-04-29 09:35:15
6,temp_high,temp_sensor_01,temperature,critical,温度过高,32.0,32.5934,2026-04-29 17:32:55.534851,0,,,2026-04-29 09:32:55
5,pressure_high,pressure_sensor_01,pressure,critical,压力过高,0.65,0.6637,2026-04-29 17:32:55.534593,0,,,2026-04-29 09:32:55
4,current_high,power_meter_01,current,critical,电流过高,65.0,65.5355,2026-04-29 17:32:45.483687,0,,,2026-04-29 09:32:45
3,voltage_low,power_meter_01,voltage,warning,电压过低,215.0,22.0912,2026-04-29 17:29:02.111533,0,,,2026-04-29 09:29:02
2,pressure_low,pressure_sensor_01,pressure,warning,压力过低,0.35,0.0051,2026-04-29 17:29:02.111425,0,,,2026-04-29 09:29:02
1,temp_low,temp_sensor_01,temperature,warning,温度过低,22.0,2.7527,2026-04-29 17:29:02.111239,0,,,2026-04-29 09:29:02
