time_bucket,avg_value,min_value,max_value,sample_count
2026-04-29 17:50:00,26.587,26.587,26.587,1
2026-04-29 17:51:00,30.319875,27.3598,33.1531,12
2026-04-29 17:52:00,34.56203333333333,33.4829,35.2712,12
2026-04-29 17:53:00,32.29436666666667,29.2175,34.8909,12
2026-04-29 17:54:00,25.70075,22.7852,28.9862,12
2026-04-29 17:55:00,20.658883333333332,19.3466,22.3638,12
2026-04-29 17:56:00,26.529974999999997,20.4244,31.7046,12
2026-04-29 17:57:00,33.93004545454546,31.8377,35.0769,11
2026-04-29 17:58:00,34.050425,31.912,35.5365,12
2026-04-29 17:59:00,28.015075,24.3519,31.3803,12
2026-04-29 18:00:00,22.404449999999997,19.9739,28.3176,12
2026-04-29 18:01:00,31.25945,27.9309,33.629,12
2026-04-29 18:02:00,34.6893,34.0953,35.2084,12
2026-04-29 18:03:00,31.37965,28.2838,33.959,12
2026-04-29 18:04:00,24.611874999999998,21.0774,27.6535,12
2026-04-29 18:05:00,20.307775,19.724,21.528,12
2026-04-29 18:06:00,22.428449999999998,20.3037,25.4653,12
2026-04-29 18:07:00,29.485583333333334,25.8215,32.558,12
2026-04-29 18:08:00,34.19976666666667,32.9991,34.9613,12
2026-04-29 18:09:00,32.97988333333333,30.6363,34.9357,12
2026-04-29 18:10:00,26.505058333333334,22.8889,30.2465,12
2026-04-29 18:11:00,20.882725,19.6235,22.2521,12
2026-04-29 18:12:00,21.468091666666666,19.961,23.8797,12
2026-04-29 18:13:00,27.529675,24.5273,31.0893,12
2026-04-29 18:14:00,33.56738333333333,31.5092,35.4524,12
2026-04-29 18:15:00,34.02406666666666,32.7938,35.1829,12
2026-04-29 18:16:00,28.422666666666668,24.7016,31.6831,12
2026-04-29 18:17:00,21.99005,20.2057,25.1112,12
2026-04-29 18:18:00,20.67535833333333,19.7188,21.9375,12
2026-04-29 18:19:00,25.655216666666664,21.9253,28.9371,12
2026-04-29 18:20:00,32.130325,29.4012,34.8087,12
2026-04-29 18:21:00,34.562891666666665,33.581,35.2047,12
2026-04-29 18:22:00,30.4873,27.9266,33.7394,12
2026-04-29 18:23:00,23.61645,21.3618,26.3339,12
2026-04-29 18:24:00,20.253233333333334,19.4542,20.6825,12
2026-04-29 18:25:00,23.7353,20.6734,27.3193,12
2026-04-29 18:26:00,30.382763636363634,27.5557,33.0726,11
2026-04-29 18:27:00,34.585775,33.2742,35.449,12
2026-04-29 18:28:00,32.52185,29.6431,34.9107,12
2026-04-29 18:29:00,25.869933333333332,22.4648,29.3238,12
2026-04-29 18:30:00,20.615391666666667,19.3249,22.0537,12
2026-04-29 18:31:00,21.812908333333336,19.7821,23.8557,12
2026-04-29 18:32:00,28.14946666666667,25.163,31.5203,12
2026-04-29 18:33:00,33.92281666666667,31.9365,35.1085,12
2026-04-29 18:34:00,33.6719,31.543,35.0983,12
2026-04-29 18:35:00,27.831558333333334,24.2515,31.2398,12
2026-04-29 18:36:00,21.721491666666665,19.4567,24.1478,12
2026-04-29 18:37:00,20.9173,19.8591,22.666,12
2026-04-29 18:38:00,26.200441666666666,23.2669,29.0635,12
2026-04-29 18:39:00,32.90295,30.3005,34.5446,12
2026-04-29 18:40:00,34.48675,32.8664,35.3623,12
2026-04-29 18:41:00,29.9128,26.6985,33.1828,12
2026-04-29 18:42:00,22.956841666666666,20.4523,26.0223,12
2026-04-29 18:43:00,20.288866666666667,19.2927,21.1799,12
2026-04-29 18:44:00,24.334466666666668,21.3251,26.992,12
2026-04-29 18:45:00,31.145525000000003,28.4005,33.9428,12
2026-04-29 18:46:00,34.52050833333333,33.9383,35.2588,12
2026-04-29 18:47:00,31.460958333333334,27.7618,33.9114,12
2026-04-29 18:48:00,24.711166666666667,22.0859,27.8987,12
2026-04-29 18:49:00,20.459691666666668,19.6753,21.875,12
2026-04-29 18:50:00,22.551972727272727,20.9285,24.8242,11
2026-04-29 17:50:00,260.0,260.0,260.0,1
2026-04-29 17:51:00,301.5,267.0,332.0,12
2026-04-29 17:52:00,344.8333333333333,332.0,353.0,12
2026-04-29 17:53:00,322.9166666666667,292.0,344.0,12
2026-04-29 17:54:00,254.83333333333334,222.0,290.0,12
2026-04-29 17:55:00,205.41666666666666,195.0,220.0,12
2026-04-29 17:56:00,264.25,198.0,316.0,12
2026-04-29 17:57:00,338.54545454545456,322.0,350.0,11
2026-04-29 17:58:00,338.4166666666667,313.0,351.0,12
2026-04-29 17:59:00,281.0833333333333,242.0,314.0,12
2026-04-29 18:00:00,224.66666666666666,198.0,272.0,12
2026-04-29 18:01:00,312.8333333333333,282.0,337.0,12
2026-04-29 18:02:00,345.75,342.0,349.0,12
2026-04-29 18:03:00,314.25,282.0,342.0,12
2026-04-29 18:04:00,246.41666666666666,216.0,284.0,12
2026-04-29 18:05:00,203.0,194.0,214.0,12
2026-04-29 18:06:00,224.83333333333334,205.0,254.0,12
2026-04-29 18:07:00,294.6666666666667,258.0,325.0,12
2026-04-29 18:08:00,341.9166666666667,326.0,350.0,12
2026-04-29 18:09:00,330.1666666666667,306.0,348.0,12
2026-04-29 18:10:00,264.8333333333333,233.0,300.0,12
2026-04-29 18:11:00,208.91666666666666,198.0,227.0,12
2026-04-29 18:12:00,214.5,200.0,239.0,12
2026-04-29 18:13:00,273.0833333333333,239.0,308.0,12
2026-04-29 18:14:00,335.25,312.0,351.0,12
2026-04-29 18:15:00,340.8333333333333,319.0,355.0,12
2026-04-29 18:16:00,284.3333333333333,248.0,316.0,12
2026-04-29 18:17:00,220.08333333333334,200.0,253.0,12
2026-04-29 18:18:00,205.08333333333334,197.0,220.0,12
2026-04-29 18:19:00,255.0,227.0,284.0,12
2026-04-29 18:20:00,322.6666666666667,292.0,348.0,12
2026-04-29 18:21:00,346.0833333333333,336.0,354.0,12
2026-04-29 18:22:00,303.6666666666667,272.0,333.0,12
2026-04-29 18:23:00,233.5,207.0,261.0,12
2026-04-29 18:24:00,203.91666666666666,198.0,210.0,12
2026-04-29 18:25:00,235.08333333333334,206.0,269.0,12
2026-04-29 18:26:00,301.90909090909093,273.0,330.0,11
2026-04-29 18:27:00,343.4166666666667,331.0,352.0,12
2026-04-29 18:28:00,323.4166666666667,294.0,342.0,12
2026-04-29 18:29:00,257.3333333333333,229.0,285.0,12
2026-04-29 18:30:00,206.33333333333334,197.0,221.0,12
2026-04-29 18:31:00,217.75,199.0,246.0,12
2026-04-29 18:32:00,279.75,244.0,309.0,12
2026-04-29 18:33:00,337.75,321.0,351.0,12
2026-04-29 18:34:00,336.9166666666667,319.0,356.0,12
2026-04-29 18:35:00,280.0,242.0,317.0,12
2026-04-29 18:36:00,216.0,201.0,240.0,12
2026-04-29 18:37:00,208.0,198.0,224.0,12
2026-04-29 18:38:00,262.3333333333333,232.0,294.0,12
2026-04-29 18:39:00,328.0833333333333,305.0,353.0,12
2026-04-29 18:40:00,343.9166666666667,334.0,354.0,12
2026-04-29 18:41:00,296.8333333333333,266.0,328.0,12
2026-04-29 18:42:00,228.41666666666666,200.0,257.0,12
2026-04-29 18:43:00,204.0,199.0,212.0,12
2026-04-29 18:44:00,243.83333333333334,212.0,276.0,12
2026-04-29 18:45:00,312.6666666666667,278.0,334.0,12
2026-04-29 18:46:00,347.0,340.0,353.0,12
2026-04-29 18:47:00,316.0833333333333,288.0,341.0,12
2026-04-29 18:48:00,245.58333333333334,216.0,280.0,12
2026-04-29 18:49:00,204.5,199.0,217.0,12
2026-04-29 18:50:00,224.72727272727272,206.0,253.0,11
2026-04-29 17:50:00,26.5221,26.5221,26.5221,1
2026-04-29 17:51:00,30.141833333333334,26.7116,33.106,12
2026-04-29 17:52:00,34.769275,34.0533,35.3721,12
2026-04-29 17:53:00,32.44920833333333,29.4346,34.5944,12
2026-04-29 17:54:00,25.698566666666665,22.8951,29.2742,12
2026-04-29 17:55:00,20.59085,19.3885,21.9993,12
2026-04-29 17:56:00,26.54534166666667,20.3687,31.4935,12
2026-04-29 17:57:00,33.905654545454546,31.6928,35.0734,11
2026-04-29 17:58:00,33.880725,32.462,35.2484,12
2026-04-29 17:59:00,28.201566666666665,24.9913,31.3403,12
2026-04-29 18:00:00,22.50300833333333,20.0859,27.4733,12
2026-04-29 18:01:00,31.1378,28.0677,33.8888,12
2026-04-29 18:02:00,34.903600000000004,34.0794,35.4281,12
2026-04-29 18:03:00,31.466616666666667,28.9444,34.4169,12
2026-04-29 18:04:00,24.614175,21.456,27.9314,12
2026-04-29 18:05:00,20.27945,19.5691,21.4062,12
2026-04-29 18:06:00,22.629766666666665,20.5798,25.7213,12
2026-04-29 18:07:00,29.4644,26.0316,33.1092,12
2026-04-29 18:08:00,34.297358333333335,33.1404,35.1356,12
2026-04-29 18:09:00,33.03223333333333,30.4928,35.0916,12
2026-04-29 18:10:00,26.571941666666664,22.9034,29.7186,12
2026-04-29 18:11:00,21.096391666666666,19.9621,23.3126,12
2026-04-29 18:12:00,21.445291666666666,19.8378,24.2552,12
2026-04-29 18:13:00,27.538925000000003,24.2518,30.8832,12
2026-04-29 18:14:00,33.49803333333333,31.9002,34.9628,12
2026-04-29 18:15:00,33.87493333333333,31.8111,35.1841,12
2026-04-29 18:16:00,28.470125,24.9245,31.8296,12
2026-04-29 18:17:00,21.96190833333333,20.0847,24.4944,12
2026-04-29 18:18:00,20.564,19.5654,22.5704,12
2026-04-29 18:19:00,25.411083333333334,22.3834,28.8332,12
2026-04-29 18:20:00,32.10828333333333,29.8566,34.1329,12
2026-04-29 18:21:00,34.50663333333333,33.223,35.4266,12
2026-04-29 18:22:00,30.460508333333333,26.9775,33.4148,12
2026-04-29 18:23:00,23.412741666666665,21.0547,26.4633,12
2026-04-29 18:24:00,20.37183333333333,19.8038,21.2835,12
2026-04-29 18:25:00,23.834466666666668,21.3317,26.8647,12
2026-04-29 18:26:00,30.37738181818182,26.9857,32.8981,11
2026-04-29 18:27:00,34.49774166666666,33.0928,35.2844,12
2026-04-29 18:28:00,32.43550833333333,29.5356,34.6201,12
2026-04-29 18:29:00,25.723291666666668,22.7324,28.8647,12
2026-04-29 18:30:00,20.764275,19.7928,22.6631,12
2026-04-29 18:31:00,21.928366666666665,20.3497,24.0033,12
2026-04-29 18:32:00,28.223583333333334,25.1817,31.2772,12
2026-04-29 18:33:00,33.899425,32.401,35.0134,12
2026-04-29 18:34:00,33.661966666666665,31.6341,35.0145,12
2026-04-29 18:35:00,27.67063333333333,24.3705,30.9357,12
2026-04-29 18:36:00,21.5596,19.9833,23.8005,12
2026-04-29 18:37:00,20.7086,19.8553,22.1023,12
2026-04-29 18:38:00,26.112666666666666,22.7434,29.1344,12
2026-04-29 18:39:00,32.67199166666666,30.5097,34.2939,12
2026-04-29 18:40:00,34.372566666666664,33.0016,35.2306,12
2026-04-29 18:41:00,29.719533333333334,26.9034,32.9126,12
2026-04-29 18:42:00,22.812858333333335,20.8495,25.5541,12
2026-04-29 18:43:00,20.494316666666666,19.8517,21.675,12
2026-04-29 18:44:00,24.414083333333334,21.6826,27.6284,12
2026-04-29 18:45:00,31.22713333333333,28.2479,33.7368,12
2026-04-29 18:46:00,34.72155,34.1236,35.7054,12
2026-04-29 18:47:00,31.44610833333333,28.49,34.3183,12
2026-04-29 18:48:00,24.597091666666667,21.6592,28.1856,12
2026-04-29 18:49:00,20.557725,19.4751,21.7232,12
2026-04-29 18:50:00,22.6217,20.6413,25.0376,11
